{"val_loss": [0.2685650374889374, 0.19852210556864738, 0.16650527028441428, 0.15145565249323845, 0.14064764376282693, 0.12470418641865254, 0.12046608130782843, 0.11754109950512648, 0.11350100918896497, 0.11113724378459156, 0.1085768116660416, 0.10368329789377749, 0.10248054049536585, 0.10561946486644447, 0.10299487499464303, 0.10647461714297533, 0.10173049621768296, 0.10014349517216906, 0.09850911450078711, 0.108414482894307, 0.10421400094693527, 0.09797387508377432, 0.10627507747877389, 0.1017008430512622, 0.10457723110816441, 0.09991562311239541, 0.10392438520132564, 0.10198154961550608, 0.10304753435561434, 0.10910002537015825, 0.10662578362394125, 0.10888320928206667, 0.11090459385297727, 0.11246161089446395, 0.11004252409460023, 0.1120810632970184, 0.11508604916380719, 0.11119427253138274, 0.11229962825337425, 0.10674210988332052, 0.11095830575702711, 0.11400404645837843, 0.1187457379790023, 0.11742579213599674, 0.11546899040276185, 0.11461651743710972, 0.10902032760679722, 0.1083537385079544, 0.11022940431495663, 0.11871913347039371], "val_acc": [0.9255, 0.9427, 0.9508, 0.9548, 0.9591, 0.9632, 0.9648, 0.9644, 0.9665, 0.9692, 0.9692, 0.9708, 0.9714, 0.9711, 0.9723, 0.9691, 0.9728, 0.9721, 0.9737, 0.972, 0.9735, 0.9749, 0.9727, 0.9738, 0.9731, 0.9741, 0.9741, 0.9734, 0.9751, 0.9711, 0.9715, 0.972, 0.9718, 0.9729, 0.9716, 0.9714, 0.972, 0.9725, 0.9712, 0.9729, 0.9726, 0.9713, 0.9721, 0.971, 0.9724, 0.9713, 0.973, 0.9732, 0.9735, 0.9728], "loss": [0.7601558746973673, 0.39936510988871254, 0.3270569691022237, 0.2866774014631907, 0.26246326885223387, 0.23639997011820477, 0.22357211123307547, 0.21019564265410107, 0.20024004108111063, 0.1893026153008143, 0.1827116531332334, 0.17445596509774525, 0.17243997906049094, 0.16793986120224, 0.1599907931526502, 0.15948948674996694, 0.1588671477397283, 0.1514031214872996, 0.1501217122634252, 0.14755956607659657, 0.1446376711845398, 0.1423602152268092, 0.1403484477718671, 0.13598497921625774, 0.13734774231513341, 0.13702560614744821, 0.13178915923436482, 0.13058023300965627, 0.1312022959470749, 0.12953440681695938, 0.12737179596026738, 0.12605451028347014, 0.12662148113250732, 0.11977708886464437, 0.12302007228533426, 0.1192845200419426, 0.11748898462851842, 0.12055391604502996, 0.11988961031834285, 0.11671467086474101, 0.11393023742834726, 0.11231817611257235, 0.11591149412790934, 0.11148146591981252, 0.11053702874779701, 0.1110629653652509, 0.11228821669816971, 0.11090953152179718, 0.10862267293135325, 0.1078950274546941], "acc": [0.7597833333333334, 0.88205, 0.9030999999682109, 0.9158500000317892, 0.9226166666666666, 0.9318500000317892, 0.9342333333651225, 0.9391333333651225, 0.9420166666348775, 0.9445, 0.9463333333015442, 0.9483833333015442, 0.9499499999682108, 0.9505666666348775, 0.9524999999682109, 0.9526333333651225, 0.9527500000317891, 0.9548666666348775, 0.9541333333015442, 0.9556166666984558, 0.9564000000317892, 0.9568666666666666, 0.9585000000317891, 0.9587666666666667, 0.9589666666666666, 0.9596499999682109, 0.9594833333333334, 0.9608499999682109, 0.9602166666666667, 0.9611333333015442, 0.9613, 0.9617000000317891, 0.9608333333651224, 0.9633166666666667, 0.9632000000317892, 0.9636499999682109, 0.9646, 0.9623333333333334, 0.9632833333333334, 0.96435, 0.9647999999682109, 0.9665333333333334, 0.9650333333333333, 0.9669000000317891, 0.9658166666348775, 0.9663666666348775, 0.9662166666666666, 0.9664333333651225, 0.9669333333015442, 0.9672000000317892]}